Employee_id;Prenom;Nom;Date_id;Email
6fa61d0ecae0b563fef18d36b2039c8e;Laure;Maret;43961;lmaret@supersmartmarket.fr
37c6a856b2e14217855d808fbc8e56a7;Christian;Vérany;43894;cvérany@supersmartmarket.fr
4853b03deab973a1a8e466025bce5b52;Solène;Deslys;44882;sdeslys@supersmartmarket.fr
e44eabec860498a79e675200bc8fa455;Amand;Coquelin;44380;acoquelin@supersmartmarket.fr
fa836e3f5faf72d24e079235332169ce;Emmanuel;Grosjean;45192;egrosjean@supersmartmarket.fr
6d0cd9c04db768e471c92be478c88a32;Sacha;Pélissier;44773;spélissier@supersmartmarket.fr
528c733809cb51a3634befb260b5d243;Abelin;Dutertre;44987;adutertre@supersmartmarket.fr
1c1d83678cc463b52366dae07cd14c8a;Pierre;Ange;44318;pange@supersmartmarket.fr
8d1001fbad3d2a60ff7530600ed5d55e;Charlène;Delisle;44167;cdelisle@supersmartmarket.fr
c12bfad8c0daead5bc1055c814069fe7;Anne;Donnet;43907;adonnet@supersmartmarket.fr
a7e6deb00de876cafcf64809cd659d0c;Damien;Courtet;44788;dcourtet@supersmartmarket.fr
f6cd8ba3485769b3ad9bab5b7725858e;Victoria;Baume;44289;vbaume@supersmartmarket.fr
f21c1650dd9340170266d47ec34eb6e8;Dimitri;Cazenave;44477;dcazenave@supersmartmarket.fr
78524bb1fe1d5078c33113ddc6ca8f7b;Nathan;Frère;44496;nfrère@supersmartmarket.fr
af969b090723911e6fd12c8da3b714ad;Ugo;Chevalier;45477;uchevalier@supersmartmarket.fr
ddd71713c762283afb67295522774546;Aimée;Marchal;44258;amarchal@supersmartmarket.fr
b5a8777821fdab1a20a4bc0e5f98dfa0;Nassima;Picard;44051;npicard@supersmartmarket.fr
2477db17c02f512ebc4b20f01a7edb55;Auriane;Dufresne;45132;adufresne@supersmartmarket.fr
0859b70a9ca905a870bfccc5f8440ba1;Pierre;Beaumont;44759;pbeaumont@supersmartmarket.fr
07c8b678f8e6f0cb04480ef9ebba10ce;Jean-Marc;Beauvau;44327;jbeauvau@supersmartmarket.fr
afb0ad3a096ceea09662ee8692cd5711;Ambre;Besson;44642;abesson@supersmartmarket.fr
89a9efaded9823c38bfd5f70d24e364f;Gabrielle;Granet;44315;ggranet@supersmartmarket.fr
6bf2742d580924ae05128018a3026aa4;Clara;Morin;44483;cmorin@supersmartmarket.fr
c4f0909120cfde7086a3c1a56e96a015;Patricia;Rodier;44216;prodier@supersmartmarket.fr
8f01946521386e040e94d44bbd945671;Sarah;Grosjean;44038;sgrosjean@supersmartmarket.fr
b413ca065a762e8cf2e86cfea8b9c174;Robin;Bechard;44420;rbechard@supersmartmarket.fr
c495d16c3108a11ac8318269a85e9706;Émilienne;Blanchard;43972;éblanchard@supersmartmarket.fr
342281771d02d2096972e38e78e7d6bd;Sabine;Giraud;44936;sgiraud@supersmartmarket.fr
d0921ae8a5b09f5d33e7c405943625d7;Liliane;Boissonade;44595;lboissonade@supersmartmarket.fr
3084187cfabdb2a7de260f4387241ccc;Claudine;Gachet;45128;cgachet@supersmartmarket.fr
23e50fd96a8129e057a79ba0d5575c93;Joseph;Courbet;44623;jcourbet@supersmartmarket.fr
38680e129f45c49322cb12303b7fb655;Vincent;Jacquier;44946;vjacquier@supersmartmarket.fr
a7ada0770091e838e3dcd45265282820;Tristan;Arsenault;44572;tarsenault@supersmartmarket.fr
4efc10ff0f86c772d9949b490eb99ad3;Isaïe;Escoffier;44554;iescoffier@supersmartmarket.fr
0bedce9aff7fb350ccb27055265c3cd1;Eugénie;Lussier;44188;elussier@supersmartmarket.fr
3a0271d540734228c98bcfc2fafe8277;Axelle;Bruneau;44753;abruneau@supersmartmarket.fr
951e47dfa4c5298382d1b7d750b0b6a2;Solange;Jacquet;44999;sjacquet@supersmartmarket.fr
e2107857114936ec4800f52684dee59f;Maïté;Rochefort;43889;mrochefort@supersmartmarket.fr
43710c31fab3c974c906d48477bd4a83;Victoria;Genet;45262;vgenet@supersmartmarket.fr
9bc5a4ce59447208da2fb2912c4fbff7;Éva;Bissonnette;44634;ébissonnette@supersmartmarket.fr
91db02c3032e5a9fcfc581422c44398a;Lydie;Rochefort;44589;lrochefort@supersmartmarket.fr
f491076a1ff2d873ebea809c11144542;Adélie;Boulet;45244;aboulet@supersmartmarket.fr
0cb5ad89e8ae7afefa9c17277062db16;Gwendoline;Bonhomme;44671;gbonhomme@supersmartmarket.fr
6c1c3292c852c6c593b95cc146b00c0e;Pierre;Manoury;44103;pmanoury@supersmartmarket.fr
578b43483938010803dcdf457753d923;Radegonde;Rémy;44080;rrémy@supersmartmarket.fr
658e6925c1774feb2781a2888c9d4202;Bruno;Cazal;44060;bcazal@supersmartmarket.fr
9f29007d63c46217deeb64efc81eba9e;Jean-Jacques;Auch;43911;jauch@supersmartmarket.fr
e01e752175e05f00c8314ccb8da4c418;Eugène;Jacquier;43994;ejacquier@supersmartmarket.fr
c36c4a024dd3bbe72042482e25923378;Jérémy;Leloup;44823;jleloup@supersmartmarket.fr
ccebbeb4d1c9ccf593c4308cef110237;Yves;Grinda;44699;ygrinda@supersmartmarket.fr
72ea514d4be3237b8a5786a3bb77759c;Adeline;Vannier;44177;avannier@supersmartmarket.fr
f93c7cff0b2eeb5ff91eba8606f78297;Benjamin;Boutroux;43907;bboutroux@supersmartmarket.fr
a0c9a3c869310ffbf3eb6ac24b9a19be;Jérémy;Vasseur;45264;jvasseur@supersmartmarket.fr
faa8bfc560cae9451761b38ff37e6ee9;Marie-Claire;Poincaré;45199;mpoincaré@supersmartmarket.fr
803d880af14752773f6225d55f3bc5b4;Solange;Valluy;45043;svalluy@supersmartmarket.fr
dd595f0f0b3400df2908f0be7723dad4;Arnaud;Lièvremont;43994;alièvremont@supersmartmarket.fr